grade,borrower_count,actual_default_rate,total_lgd,avg_lgd,total_ead,avg_ead,total_expected_loss,avg_expected_loss,total_risk_adjusted_return,avg_risk_adjusted_return
A,6741,0.0682391336596944,47264159.53760869,7011.446304347825,93471175,13866.069574247143,116208532720.03275,17239064.340607144,-116201866789.19273,-17238075.476812452
B,11515,0.14798089448545376,89376483.60613263,7761.744125586854,151690400,13173.287016934433,414363987679.6557,35984714.51842429,-414347790908.2907,-35983307.93819285
C,11544,0.2532917532917533,108266539.1336799,9378.598331053352,165048100,14297.305959805959,797392171039.586,69074165.89047003,-797368957204.4886,-69072154.98999383
D,6072,0.3288866930171278,65335524.1675313,10760.132438657987,94568300,15574.489459815546,632992922975.6228,104247846.33985883,-632976078763.1979,-104245072.2600787
E,2877,0.40285019117135906,37321225.97803279,12972.271803278689,51301550,17831.61279110184,460149751165.81555,159940824.17998454,-460138853970.95306,-159937036.4862541
F,935,0.46951871657754013,12843865.99954442,13736.755079726652,17717900,18949.625668449196,177909885575.21326,190277952.4868591,-177905459566.39075,-190273218.78758368
G,316,0.560126582278481,4884300.239548022,15456.646327683613,6744875,21344.541139240508,78491766645.38173,248391666.59930927,-78489891305.35173,-248385731.97896117
