risk_band,borrower_count,actual_default_rate,total_lgd,avg_lgd,total_ead,avg_ead,total_expected_loss,avg_expected_loss,total_risk_adjusted_return,avg_risk_adjusted_return
Very Low,8000,0.048625,58439695.81697133,7304.961977121417,108462950,13557.86875,122201650659.16904,15275206.33239613,-122192852195.26404,-15274106.524408005
Low,8000,0.1075,65430259.67616264,8178.78245952033,101339225,12667.403125,244828034909.76993,30603504.36372124,-244816652019.34744,-30602081.50241843
Medium,8000,0.184125,72513410.23065552,9064.17627883194,108561100,13570.1375,417486617044.8372,52185827.130604655,-417472053430.81226,-52184006.67885153
High,8000,0.263875,79938949.19751044,9992.368649688804,122673975,15334.246875,698429800419.9314,87303725.05249143,-698410539346.0039,-87301317.41825049
Very High,8000,0.503375,88969783.74077782,11121.222967597227,139505050,17438.13125,1194562914767.6003,149320364.34595004,-1194536801516.4377,-149317100.18955472
