grade,defaulted_loan_count,avg_realized_lgd,avg_realized_loss,avg_ead
A,460,7011.446304347825,7011.446304347825,13186.79347826087
B,1704,7761.744125586854,7761.744125586854,13588.292253521127
C,2924,9378.598331053352,9378.598331053352,14892.886456908345
D,1997,10760.132438657987,10760.132438657987,16226.95292939409
E,1159,12972.271803278689,12972.271803278689,18428.51596203624
F,439,13736.755079726652,13736.755079726652,18962.015945330295
G,177,15456.646327683615,15456.646327683615,20283.19209039548
